groupName,UID,time,,
0,payalda2@illinois.edu,12:30pm,,
0,sajay2@illinois.edu,12:30pm,,
0,zebian2@illinois.edu,12:30pm,,
0,yiminw2@illinois.edu,12:30pm,,
1,anagnos3@illinois.edu,12:30pm,,
1,evana2@illinois.edu,12:30pm,,
1,wbu2@illinois.edu,12:30pm,,
1,ahsang2@illinois.edu,12:30pm,,
2,jindong3@illinois.edu,12:30pm,,
2,aayyah2@illinois.edu,12:30pm,,
2,gracesc2@illinois.edu,12:30pm,,
2,sherina2@illinois.edu,12:30pm,,
3,tommaso3@illinois.edu,12:30pm,,
3,tchoe3@illinois.edu,12:30pm,,
3,apate402@illinois.edu,12:30pm,,
4,ab18@illinois.edu,12:30pm,,
4,oburba2@illinois.edu,12:30pm,,
4,lipingd2@illinois.edu,12:30pm,,
4,kunping2@illinois.edu,12:30pm,,
5,edchang2@illinois.edu,12:30pm,,
5,asd6@illinois.edu,12:30pm,,
5,adarshs3@illinois.edu,12:30pm,,
6,jackdai2@illinois.edu,12:30pm,,
6,isaiahd2@illinois.edu,12:30pm,,
6,ydhoot2@illinois.edu,12:30pm,,
6,rao23@illinois.edu,12:30pm,,
7,imdesai2@illinois.edu,12:30pm,,
7,ehd2@illinois.edu,12:30pm,,
7,sukritg2@illinois.edu,12:30pm,,
7,enoufe2@illinois.edu,12:30pm,,
8,cding20@illinois.edu,12:30pm,,
8,adix2@illinois.edu,12:30pm,,
8,natasha5@illinois.edu,12:30pm,,
8,dpopat2@illinois.edu,12:30pm,,
9,teresad2@illinois.edu,12:30pm,,
9,mgraton2@illinois.edu,12:30pm,,
9,msauers2@illinois.edu,12:30pm,,
10,vduvvur2@illinois.edu,12:30pm,,
10,serens2@illinois.edu,12:30pm,,
10,cbguo2@illinois.edu,12:30pm,,
10,meganw4@illinois.edu,12:30pm,,
11,aeswara2@illinois.edu,12:30pm,,
11,gaf3@illinois.edu,12:30pm,,
11,kaiwenh2@illinois.edu,12:30pm,,
11,yikunl2@illinois.edu,12:30pm,,
12,taylorf3@illinois.edu,12:30pm,,
12,hf13@illinois.edu,12:30pm,,
12,akulj2@illinois.edu,12:30pm,,
12,vmyadam2@illinois.edu,12:30pm,,
13,nikhilg4@illinois.edu,12:30pm,,
13,rg8@illinois.edu,12:30pm,,
13,jkoszut2@illinois.edu,12:30pm,,
13,ashishm3@illinois.edu,12:30pm,,
14,fgoyal2@illinois.edu,12:30pm,,
14,kgunti2@illinois.edu,12:30pm,,
14,nilak2@illinois.edu,12:30pm,,
14,susiel2@illinois.edu,12:30pm,,
15,aayushi3@illinois.edu,12:30pm,,
15,adityag5@illinois.edu,12:30pm,,
15,shivenk2@illinois.edu,12:30pm,,
15,pyanda2@illinois.edu,12:30pm,,
16,kahaas@illinois.edu,12:30pm,,
16,nhadi3@illinois.edu,12:30pm,,
16,zl20@illinois.edu,12:30pm,,
16,yutongl3@illinois.edu,12:30pm,,
17,harrsch2@illinois.edu,12:30pm,,
17,heo10@illinois.edu,12:30pm,,
17,ziqil4@illinois.edu,12:30pm,,
17,feiyucw2@illinois.edu,12:30pm,,
18,yashsh2@illinois.edu,12:30pm,,
18,nancyh2@illinois.edu,12:30pm,,
18,weiluo6@illinois.edu,12:30pm,,
18,ruishi4@illinois.edu,12:30pm,,
19,chenfei5@illinois.edu,12:30pm,,
19,ruofanh2@illinois.edu,12:30pm,,
19,ipsitap2@illinois.edu,12:30pm,,
19,harshav2@illinois.edu,12:30pm,,
20,aliceh4@illinois.edu,12:30pm,,
20,josephi4@illinois.edu,12:30pm,,
20,danielq3@illinois.edu,12:30pm,,
20,sumedhv2@illinois.edu,12:30pm,,
21,meeraj2@illinois.edu,12:30pm,,
21,sjain77@illinois.edu,12:30pm,,
21,chensi2@illinois.edu,12:30pm,,
21,peifany2@illinois.edu,12:30pm,,
22,davidtj2@illinois.edu,12:30pm,,
22,jinyang6@illinois.edu,12:30pm,,
22,junjiey3@illinois.edu,12:30pm,,
22,chenhui5@illinois.edu,12:30pm,,
23,aryaman5@illinois.edu,12:30pm,,
23,nanyiry2@illinois.edu,12:30pm,,
23,ninghan2@illinois.edu,12:30pm,,
24,dkoblas2@illinois.edu,12:30pm,,
24,htk2@illinois.edu,12:30pm,,
24,hkl3@illinois.edu,12:30pm,,
25,swl4@illinois.edu,12:30pm,,
25,jiazhen4@illinois.edu,12:30pm,,
25,bwl3@illinois.edu,12:30pm,,
26,kevindl2@illinois.edu,12:30pm,,
26,yufengl2@illinois.edu,12:30pm,,
26,jaredjl2@illinois.edu,12:30pm,,
26,jeevanm2@illinois.edu,12:30pm,,
27,tmaddi2@illinois.edu,12:30pm,,
27,anm8@illinois.edu,12:30pm,,
27,hgm4@illinois.edu,12:30pm,,
27,milling1@illinois.edu,12:30pm,,
28,mmuthe2@illinois.edu,12:30pm,,
28,onaeem2@illinois.edu,12:30pm,,
28,ayushn2@illinois.edu,12:30pm,,
29,jackvn2@illinois.edu,12:30pm,,
29,anathan4@illinois.edu,12:30pm,,
29,anewma9@illinois.edu,12:30pm,,
29,eniu2@illinois.edu,12:30pm,,
30,eobetta2@illinois.edu,12:30pm,,
30,reedoei2@illinois.edu,12:30pm,,
30,jmoh3@illinois.edu,12:30pm,,
30,czo2@illinois.edu,12:30pm,,
31,ep7@illinois.edu,12:30pm,,
31,apappu2@illinois.edu,12:30pm,,
31,adutta7@illinois.edu,12:30pm,,
31,pks3@illinois.edu,12:30pm,,
32,pmp2@illinois.edu,12:30pm,,
32,sunnynp2@illinois.edu,12:30pm,,
32,dimitar3@illinois.edu,12:30pm,,
32,nirmalp2@illinois.edu,12:30pm,,
33,caray2@illinois.edu,12:30pm,,
33,emilior2@illinois.edu,12:30pm,,
33,akroy2@illinois.edu,12:30pm,,
33,azizs2@illinois.edu,12:30pm,,
34,sinjass2@illinois.edu,12:30pm,,
34,ssarkar8@illinois.edu,12:30pm,,
34,obabu2@illinois.edu,12:30pm,,
34,seanws2@illinois.edu,12:30pm,,
35,vidushi2@illinois.edu,12:30pm,,
35,viraj2@illinois.edu,12:30pm,,
35,taksh2@illinois.edu,12:30pm,,
35,ashley5@illinois.edu,12:30pm,,
36,ys20@illinois.edu,12:30pm,,
36,ksodhi2@illinois.edu,12:30pm,,
36,npson2@illinois.edu,12:30pm,,
36,lydiaks2@illinois.edu,12:30pm,,
37,sjs7@illinois.edu,12:30pm,,
37,henrys3@illinois.edu,12:30pm,,
37,as43@illinois.edu,12:30pm,,
37,wenhaot2@illinois.edu,12:30pm,,
38,lamgt2@illinois.edu,12:30pm,,
38,haitaol2@illinois.edu,12:30pm,,
38,shellyn2@illinois.edu,12:30pm,,
38,aangelo2@illinois.edu,12:30pm,,
39,albertv2@illinois.edu,12:30pm,,
39,sujitv2@illinois.edu,12:30pm,,
39,avarma6@illinois.edu,12:30pm,,
39,amodhv2@illinois.edu,12:30pm,,
40,mlw6@illinois.edu,12:30pm,,
40,tianren3@illinois.edu,12:30pm,,
40,carsonw3@illinois.edu,12:30pm,,
40,erqianw2@illinois.edu,12:30pm,,
41,jiahong4@illinois.edu,12:30pm,,
41,qiuyuw2@illinois.edu,12:30pm,,
41,yaningw2@illinois.edu,12:30pm,,
41,jamesw7@illinois.edu,12:30pm,,
42,zixuanw8@illinois.edu,12:30pm,,
42,ayxu2@illinois.edu,12:30pm,,
42,cyx2@illinois.edu,12:30pm,,
42,justinx2@illinois.edu,12:30pm,,
43,tianfan3@illinois.edu,12:30pm,,
43,ruzhang2@illinois.edu,12:30pm,,
43,kaikaiy2@illinois.edu,12:30pm,,
43,jhy3@illinois.edu,12:30pm,,
44,ccyuan2@illinois.edu,12:30pm,,
44,tkandu2@illinois.edu,12:30pm,,
44,shunyue2@illinois.edu,12:30pm,,
44,alz3@illinois.edu,12:30pm,,
45,nz11@illinois.edu,12:30pm,,
45,hz15@illinois.edu,12:30pm,,
45,mezhou2@illinois.edu,12:30pm,,
45,jz40@illinois.edu,12:30pm,,
46,jiayuz4@illinois.edu,12:30pm,,
46,zieba3@illinois.edu,12:30pm,,
46,saveraz2@illinois.edu,12:30pm,,
46,mohanty6@illinois.edu,12:30pm,,
47,kabdul5@illinois.edu,10am - 11am,,
47,khalida3@illinois.edu,10am - 11am,,
47,prb3@illinois.edu,10am - 11am,,
47,trido2@illinois.edu,10am - 11am,,
48,jiaqic7@illinois.edu,10am - 11am,,
48,naifuz2@illinois.edu,10am - 11am,,
48,haomiao4@illinois.edu,10am - 11am,,
48,bopingx2@illinois.edu,10am - 11am,,
49,sdontha2@illinois.edu,10am - 11am,,
49,ruipeng2@illinois.edu,10am - 11am,,
49,kaiyuan8@illinois.edu,10am - 11am,,
49,juliank3@illinois.edu,10am - 11am,,
50,hl46@illinois.edu,10am - 11am,,
50,tgm3@illinois.edu,10am - 11am,,
50,stv3@illinois.edu,10am - 11am,,
50,armanm2@illinois.edu,10am - 11am,,
51,gmokha2@illinois.edu,10am - 11am,,
51,smp6@illinois.edu,10am - 11am,,
51,mpatan2@illinois.edu,10am - 11am,,
51,vnpatel3@illinois.edu,10am - 11am,,
52,nikhilr5@illinois.edu,10am - 11am,,
52,jrozhon2@illinois.edu,10am - 11am,,
52,andrew24@illinois.edu,10am - 11am,,
53,dsordi2@illinois.edu,10am - 11am,,
53,iwarren2@illinois.edu,10am - 11am,,
53,caseydw2@illinois.edu,10am - 11am,,
53,wishnew2@illinois.edu,10am - 11am,,
54,sxxiao2@illinois.edu,10am - 11am,,
54,zidix2@illinois.edu,10am - 11am,,
54,haoduoy2@illinois.edu,10am - 11am,,
55,muhanz2@illinois.edu,10am - 11am,,
55,ziqinz2@illinois.edu,10am - 11am,,
55,zheyuz3@illinois.edu,10am - 11am,,
55,sennanc2@illinois.edu,10am - 11am,,
56,bja3@illinois.edu,11am - 12pm,,
56,boynton3@illinois.edu,11am - 12pm,,
56,yuduc2@illinois.edu,11am - 12pm,,
56,jvcraig2@illinois.edu,11am - 12pm,,
57,grantc2@illinois.edu,11am - 12pm,,
57,mbma3@illinois.edu,11am - 12pm,,
57,did2@illinois.edu,11am - 12pm,,
57,curieh2@illinois.edu,11am - 12pm,,
58,songyue3@illinois.edu,11am - 12pm,,
58,huanzel2@illinois.edu,11am - 12pm,,
58,jialen2@illinois.edu,11am - 12pm,,
58,xiaoboh2@illinois.edu,11am - 12pm,,
59,jananir2@illinois.edu,11am - 12pm,,
59,mdadi2@illinois.edu,11am - 12pm,,
59,wensong2@illinois.edu,11am - 12pm,,
59,zheyu3@illinois.edu,11am - 12pm,,
60,jgxue2@illinois.edu,11am - 12pm,,
60,johnkz2@illinois.edu,11am - 12pm,,
60,ahzhang2@illinois.edu,11am - 12pm,,
61,xdi3@illinois.edu,2am - 3am,,
61,arjung2@illinois.edu,2am - 3am,,
61,estelle3@illinois.edu,2am - 3am,,
62,fangyiz2@illinois.edu,2am - 3am,,
62,jaeeunl2@illinois.edu,2am - 3am,,
62,chunyu3@illinois.edu,2am - 3am,,
62,yuy6@illinois.edu,2am - 3am,,
63,hsharma2@illinois.edu,2am - 3am,,
63,ziqixu3@illinois.edu,2am - 3am,,
63,dl16@illinois.edu,2am - 3am,,
63,hy19@illinois.edu,2am - 3am,,
64,sbagdi2@illinois.edu,2pm - 3pm,,
64,coombes3@illinois.edu,2pm - 3pm,,
64,akshayd2@illinois.edu,2pm - 3pm,,
64,kevinyl3@illinois.edu,2pm - 3pm,,
65,suchita3@illinois.edu,2pm - 3pm,,
65,nehals2@illinois.edu,2pm - 3pm,,
65,lbn2@illinois.edu,2pm - 3pm,,
65,ohanian3@illinois.edu,2pm - 3pm,,
66,tphan32@illinois.edu,2pm - 3pm,,
66,ghassan2@illinois.edu,2pm - 3pm,,
66,hs23@illinois.edu,2pm - 3pm,,
67,kairany2@illinois.edu,2pm - 3pm,,
67,my11@illinois.edu,2pm - 3pm,,
67,xiz4@illinois.edu,2pm - 3pm,,
68,jingqik2@illinois.edu,3am - 4am,,
68,yunzew2@illinois.edu,3am - 4am,,
68,shuoxu5@illinois.edu,3am - 4am,,
68,wenxiao5@illinois.edu,3am - 4am,,
69,zalikh2@illinois.edu,3pm - 4pm,,
69,jcshi2@illinois.edu,3pm - 4pm,,
69,jakobsa2@illinois.edu,3pm - 4pm,,
70,nc7@illinois.edu,3pm - 4pm,,
70,alicesf2@illinois.edu,3pm - 4pm,,
70,juliass2@illinois.edu,3pm - 4pm,,
71,karanam3@illinois.edu,3pm - 4pm,,
71,yimingl9@illinois.edu,3pm - 4pm,,
71,nehan3@illinois.edu,3pm - 4pm,,
72,minocha2@illinois.edu,3pm - 4pm,,
72,sksahu2@illinois.edu,3pm - 4pm,,
72,blr3@illinois.edu,3pm - 4pm,,
73,mtrikh2@illinois.edu,3pm - 4pm,,
73,tw17@illinois.edu,3pm - 4pm,,
73,chiz16@illinois.edu,3pm - 4pm,,
74,kamayah2@illinois.edu,4am - 5am,,
74,lan10@illinois.edu,4am - 5am,,
74,yunzhez2@illinois.edu,4am - 5am,,
74,bcyang2@illinois.edu,4am - 5am,,
75,aaronaa2@illinois.edu,4pm - 5pm,,
75,anmola3@illinois.edu,4pm - 5pm,,
75,amogha3@illinois.edu,4pm - 5pm,,
76,feifand2@illinois.edu,4pm - 5pm,,
76,colbyyh2@illinois.edu,4pm - 5pm,,
76,iriskan2@illinois.edu,4pm - 5pm,,
77,sspal2@illinois.edu,4pm - 5pm,,
77,ayushis3@illinois.edu,4pm - 5pm,,
77,emilygs2@illinois.edu,4pm - 5pm,,
78,yisu4@illinois.edu,4pm - 5pm,,
78,tongshu2@illinois.edu,4pm - 5pm,,
78,genew2@illinois.edu,4pm - 5pm,,
78,wenhaoz2@illinois.edu,4pm - 5pm,,
79,remyang2@illinois.edu,4pm - 5pm,,
79,jz57@illinois.edu,4pm - 5pm,,
79,yuhanz4@illinois.edu,4pm - 5pm,,
79,zihaoli3@illinois.edu,4pm - 5pm,,
80,sahilj5@illinois.edu,5pm - 6pm,,
80,bm12@illinois.edu,5pm - 6pm,,
80,jonahm2@illinois.edu,5pm - 6pm,,
80,njs3@illinois.edu,5pm - 6pm,,
81,husnain2@illinois.edu,5pm - 6pm,,
81,ridhama2@illinois.edu,5pm - 6pm,,
81,isaacjs2@illinois.edu,5pm - 6pm,,
81,twalla20@illinois.edu,5pm - 6pm,,
82,tejala2@illinois.edu,6pm - 7pm,,
82,jhwang52@illinois.edu,6pm - 7pm,,
82,taeingu2@illinois.edu,6pm - 7pm,,
82,yijiag3@illinois.edu,6pm - 7pm,,
83,jskent2@illinois.edu,6pm - 7pm,,
83,smarakp2@illinois.edu,6pm - 7pm,,
83,ayeah2@illinois.edu,6pm - 7pm,,
83,bo7@illinois.edu,6pm - 7pm,,
84,houjiz2@illinois.edu,6pm - 7pm,,
84,bonianp2@illinois.edu,6pm - 7pm,,
84,xz45@illinois.edu,6pm - 7pm,,
84,zhengyu6@illinois.edu,6pm - 7pm,,
85,maltman3@illinois.edu,9:30am - 10:30am,,
85,eatkinso@illinois.edu,9:30am - 10:30am,,
85,bilek3@illinois.edu,9:30am - 10:30am,,
85,dcesarz2@illinois.edu,9:30am - 10:30am,,
86,jamesra2@illinois.edu,9:30am - 10:30am,,
86,seanmc4@illinois.edu,9:30am - 10:30am,,
86,sjb4@illinois.edu,9:30am - 10:30am,,
86,fee3@illinois.edu,9:30am - 10:30am,,
88,whchan2@illinois.edu,9:30am - 10:30am,,
88,ychan43@illinois.edu,9:30am - 10:30am,,
88,jshin88@illinois.edu,9:30am - 10:30am,,
89,hanc3@illinois.edu,9:30am - 10:30am,,
89,jc27@illinois.edu,9:30am - 10:30am,,
89,hdeep2@illinois.edu,9:30am - 10:30am,,
90,qc15@illinois.edu,9:30am - 10:30am,,
90,yuz13@illinois.edu,9:30am - 10:30am,,
90,zhiqic2@illinois.edu,9:30am - 10:30am,,
90,aishih2@illinois.edu,9:30am - 10:30am,,
92,rd10@illinois.edu,9:30am - 10:30am,,
92,shuow6@illinois.edu,9:30am - 10:30am,,
92,justing4@illinois.edu,9:30am - 10:30am,,
92,vivekg2@illinois.edu,9:30am - 10:30am,,
93,haorand3@illinois.edu,9:30am - 10:30am,,
93,mdogra2@illinois.edu,9:30am - 10:30am,,
93,ckd6@illinois.edu,9:30am - 10:30am,,
96,jingzeh2@illinois.edu,9:30am - 10:30am,,
96,zshan2@illinois.edu,9:30am - 10:30am,,
96,rhe8@illinois.edu,9:30am - 10:30am,,
97,masonrh2@illinois.edu,9:30am - 10:30am,,
97,hristov3@illinois.edu,9:30am - 10:30am,,
97,haining3@illinois.edu,9:30am - 10:30am,,
98,ah10@illinois.edu,9:30am - 10:30am,,
98,iniguez@illinois.edu,9:30am - 10:30am,,
98,jl44@illinois.edu,9:30am - 10:30am,,
98,fanl2@illinois.edu,9:30am - 10:30am,,
99,nikitaj3@illinois.edu,9:30am - 10:30am,,
99,rljames2@illinois.edu,9:30am - 10:30am,,
99,lyuji2@illinois.edu,9:30am - 10:30am,,
100,ranj3@illinois.edu,9:30am - 10:30am,,
100,weiany2@illinois.edu,9:30am - 10:30am,,
100,tkaron2@illinois.edu,9:30am - 10:30am,,
101,kaiyaok2@illinois.edu,9:30am - 10:30am,,
101,dawidjk2@illinois.edu,9:30am - 10:30am,,
101,yiliang6@illinois.edu,9:30am - 10:30am,,
102,varshak3@illinois.edu,9:30am - 10:30am,,
102,aflawal2@illinois.edu,9:30am - 10:30am,,
102,hyunhol2@illinois.edu,9:30am - 10:30am,,
105,yixiaol2@illinois.edu,9:30am - 10:30am,,
105,pw8@illinois.edu,9:30am - 10:30am,,
105,mukundm2@illinois.edu,9:30am - 10:30am,,
106,yuhanlu2@illinois.edu,9:30am - 10:30am,,
106,yiruiz2@illinois.edu,9:30am - 10:30am,,
106,hmalueg2@illinois.edu,9:30am - 10:30am,,
107,tianyum2@illinois.edu,9:30am - 10:30am,,
107,shangn2@illinois.edu,9:30am - 10:30am,,
107,kylegm3@illinois.edu,9:30am - 10:30am,,
108,masanka2@illinois.edu,9:30am - 10:30am,,
108,nnkiere2@illinois.edu,9:30am - 10:30am,,
108,cmonsa2@illinois.edu,9:30am - 10:30am,,
109,mmytnik2@illinois.edu,9:30am - 10:30am,,
109,yugenie2@illinois.edu,9:30am - 10:30am,,
109,hq4@illinois.edu,9:30am - 10:30am,,
111,dsauce5@illinois.edu,9:30am - 10:30am,,
111,wsiddi6@illinois.edu,9:30am - 10:30am,,
111,spitzer4@illinois.edu,9:30am - 10:30am,,
112,yuangt2@illinois.edu,9:30am - 10:30am,,
112,tianyue6@illinois.edu,9:30am - 10:30am,,
112,atin3@illinois.edu,9:30am - 10:30am,,
113,nasht2@illinois.edu,9:30am - 10:30am,,
113,jlwang3@illinois.edu,9:30am - 10:30am,,
113,sw20@illinois.edu,9:30am - 10:30am,,
114,yifeng4@illinois.edu,9:30am - 10:30am,,
114,jackmw2@illinois.edu,9:30am - 10:30am,,
114,xiaodiw2@illinois.edu,9:30am - 10:30am,,
115,weixia3@illinois.edu,9:30am - 10:30am,,
115,lc11@illinois.edu,9:30am - 10:30am,,
115,zizhanx2@illinois.edu,9:30am - 10:30am,,
115,fanxue2@illinois.edu,9:30am - 10:30am,,
116,weimany2@illinois.edu,9:30am - 10:30am,,
116,yuy4@illinois.edu,9:30am - 10:30am,,
116,yuey7@illinois.edu,9:30am - 10:30am,,
117,huiy3@illinois.edu,9:30am - 10:30am,,
117,fz13@illinois.edu,9:30am - 10:30am,,
117,zeh3@illinois.edu,9:30am - 10:30am,,
117,mathewf2@illinois.edu,9:30am - 10:30am,,
118,wenjian2@illinois.edu,9:30am - 10:30am,,
118,mjzou2@illinois.edu,9:30am - 10:30am,,
118,zzuzzio2@illinois.edu,9:30am - 10:30am,,
119,karnapp2@illinois.edu,12:30pm,,
119,jgcox2@illinois.edu,12:30pm,,
119,kartikp2@illinois.edu,12:30pm,,
119,kryczka3@illinois.edu,12:30pm,,
120,ytark2@illinois.edu,12:30pm,,
120,sugru2@illinois.edu,12:30pm,,
120,chuyang3@illinois.edu,12:30pm,,
121,rj8@illinois.edu,11am - 12pm,,
121,sarahys2@illinois.edu,11am - 12pm,,
121,noblew2@illinois.edu,11am - 12pm,,
122,hpasham2@illinois.edu,2pm - 3pm,,
122,prithvi4@illinois.edu,2pm - 3pm,,
122,hanling4@illinois.edu,2pm - 3pm,,
122,enguang2@illinois.edu,2pm - 3pm,,
123,bjeong7@illinois.edu,6pm - 7pm,,
123,ziyue5@illinois.edu,6pm - 7pm,,
123,zhichao8@illinois.edu,6pm - 7pm,,
124,namyas2@illinois.edu,10am - 11am,,
124,fanzang2@illinois.edu,10am - 11am,,
124,xingyuq2@illinois.edu,10am - 11am,,